id,picture,artist,hottest,streams_b,followers_mio,listeners_mio,scoring
1,,Taylor Swift,100,57.58,85.93,100.93,232
2,,Drake,94,62.77,79.63,75.17,201
3,,Bad Bunny,94,57.82,74.06,75.63,190
4,,The Weeknd,94,47.46,71.36,107.28,186
5,,Ed Sheeran,87,44.50,114.97,76.19,166
6,,Ariana Grande,87,38.14,93.69,66.53,141
7,,Justin Bieber,87,38.10,74.19,72.71,136
8,,Eminem,88,37.45,76.47,63.86,134
9,,Billie Eilish,88,29.25,86.15,71.56,125
10,,Post Malone,89,35.18,42.05,63.67,113
11,,Rihanna,88,26.20,57.79,76.05,109
12,,BTS,87,35.43,69.43,33.21,106
13,,Coldplay,86,27.60,47.16,65.72,99
14,,Dua Lipa,86,26.89,41.52,76.20,98
15,,Imagine Dragons,86,26.57,50.23,58.95,96
16,,Bruno Mars,87,22.46,50.91,64.60,92
17,,Travis Scott,93,25.93,24.11,66.38,91
18,,J Balvin,84,31.30,37.90,51.41,90
19,,Kanye West,89,31.71,21.26,58.20,89
20,,David Guetta,86,24.35,26.63,70.44,82
21,,Maroon 5,83,23.44,41.49,57.18,81
22,,Ozuna,85,25.19,38.06,45.65,80
23,,KAROL G,90,17.34,39.41,56.68,77
24,,XXXTENTACION,84,25.59,43.02,35.85,77
25,,Adele,83,17.93,51.29,51.65,73
26,,Juice WRLD,86,27.36,30.63,29.98,73
27,,Daddy Yankee,85,20.21,33.87,53.83,73
28,,Queen,83,19.63,48.33,47.63,73
29,,Lana Del Rey,89,18.35,27.75,56.69,72
30,,Beyoncé,85,19.70,35.91,51.11,72
31,,Shawn Mendes,81,21.83,42.47,44.32,71
32,,Kendrick Lamar,87,22.35,25.34,47.28,71
33,,Harry Styles,85,18.96,29.30,59.28,70
34,,Calvin Harris,84,21.23,23.63,64.96,70
35,,Nicki Minaj,86,18.14,29.51,62.07,70
36,,Selena Gomez,83,16.80,45.09,55.62,69
37,,Shakira,85,16.58,31.33,63.97,68
38,,Sam Smith,83,21.24,23.12,56.02,66
39,,Doja Cat,87,15.05,26.24,65.33,64
40,,Lady Gaga,83,18.57,27.91,52.71,64
41,,Khalid,82,23.91,16.14,51.82,62
42,,One Direction,82,18.75,33.15,38.45,61
43,,Arijit Singh,88,9.29,88.98,39.05,61
44,,Marshmello,81,15.58,35.32,57.25,61
45,,Anuel AA,86,17.46,32.27,32.92,60
46,,Future,88,18.92,14.82,51.85,60
47,,Olivia Rodrigo,88,12.32,27.89,60.08,59
48,,Chris Brown,85,18.38,20.51,47.33,59
49,,Miley Cyrus,85,14.42,22.10,71.38,59
50,,Rauw Alejandro,87,17.26,18.43,46.27,58
51,,Maluma,83,15.61,34.53,38.95,57
52,,J. Cole,84,18.31,21.35,40.95,57
53,,Katy Perry,82,15.40,29.29,51.37,57
54,,Arctic Monkeys,85,15.67,21.48,46.13,55
55,,Sia,81,15.94,26.94,45.75,55
56,,SZA,87,13.97,14.63,61.78,53
57,,Linkin Park,83,16.14,24.43,34.31,52
58,,21 Savage,89,13.43,14.79,56.00,52
59,,The Beatles,82,16.61,26.15,30.04,51
60,,Halsey,80,16.22,20.91,42.57,50
61,,Lil Uzi Vert,85,16.02,15.85,34.63,48
62,,Camila Cabello,78,13.89,31.53,38.94,48
63,,The Chainsmokers,78,17.23,20.44,37.23,47
64,,BLACKPINK,83,10.74,45.35,24.46,45
65,,Avicii,79,14.41,23.23,36.15,45
66,,Michael Jackson,80,11.96,28.72,36.66,45
67,,OneRepublic,81,12.89,16.25,47.15,44
68,,Myke Towers,87,11.84,12.48,46.93,43
69,,Twenty One Pilots,78,14.62,24.05,25.78,42
70,,Farruko,82,13.46,15.53,37.75,42
71,,Alan Walker,79,10.44,39.37,30.89,42
72,,Lil Baby,85,12.62,15.26,30.49,41
73,,Red Hot Chili Peppers,80,13.29,20.18,30.13,41
74,,Charlie Puth,81,10.21,21.28,41.45,40
75,,Demi Lovato,77,11.70,26.05,31.46,39
76,,Metro Boomin,87,13.35,5.56,51.94,39
77,,Metallica,80,11.12,25.91,25.05,38
78,,Elton John,81,10.99,12.21,48.26,38
79,,AC/DC,79,10.15,27.33,28.53,37
80,,Cardi B,79,10.27,22.13,32.51,37
81,,Lil Wayne,84,10.46,14.05,35.31,37
82,,"Tyler, The Creator",83,11.13,12.59,29.44,35
83,,Feid,89,10.42,7.31,39.21,35
84,,Pitbull,81,11.49,10.26,37.06,35
85,,Nicky Jam,80,10.08,19.24,27.76,35
86,,Sebastian Yatra,79,9.40,22.38,28.00,34
87,,P!nk,79,10.09,15.85,33.98,34
88,,Ellie Goulding,78,10.82,12.31,40.76,34
89,,Guns N' Roses,78,8.19,29.95,28.81,34
90,,James Arthur,80,10.09,13.37,38.14,34
91,,Romeo Santos,80,9.72,19.97,23.63,33
92,,Peso Pluma,92,7.51,7.13,50.43,33
93,,Bizarrap,83,8.10,12.44,41.85,33
94,,The Neighbourhood,81,9.82,13.59,32.29,33
95,,Jason Derulo,77,11.88,11.93,32.99,33
96,,Tiësto,82,10.40,7.11,42.87,32
97,,Frank Ocean,82,10.26,11.77,27.87,32
98,,Young Thug,84,10.32,8.88,30.99,32
99,,Pop Smoke,80,11.30,12.93,24.10,32
100,,Nirvana,79,9.18,18.23,27.82,32
101,,Manuel Turizo,83,7.80,12.97,35.46,31
102,,Morgan Wallen,87,10.80,7.07,25.69,31
103,,Kygo,77,13.82,8.44,26.95,31
104,,A$AP Rocky,81,9.11,12.79,29.62,31
105,,Wiz Khalifa,80,10.04,11.22,30.68,31
106,,Lewis Capaldi,79,9.17,11.66,31.98,30
107,,Marília Mendonça,79,8.92,32.92,12.61,30
108,,Mac Miller,81,11.50,9.49,24.00,30
109,,Green Day,78,8.86,14.33,30.18,30
110,,Lil Nas X,76,10.54,12.49,29.06,30
111,,DaBaby,78,10.73,11.16,29.21,30
112,,ZAYN,75,8.91,22.72,24.24,30
113,,50 Cent,81,8.14,12.39,31.28,29
114,,DJ Snake,76,11.01,8.72,32.77,29
115,,JAY-Z,82,8.71,8.62,36.09,29
116,,Anne-Marie,79,8.32,11.17,40.22,29
117,,Justin Timberlake,78,8.38,13.27,33.47,29
118,,Playboi Carti,84,7.85,8.77,37.60,29
119,,Britney Spears,78,8.35,12.80,33.39,29
120,,Fall Out Boy,78,9.91,10.27,25.85,28
121,,Fleetwood Mac,80,8.53,10.39,33.27,28
122,,Bebe Rexha,79,8.46,8.48,43.81,28
123,,Sech,79,10.39,11.89,20.98,28
124,,Martin Garrix,74,10.30,15.88,22.58,28
125,,Luis Miguel,82,9.55,13.55,17.08,28
126,,YoungBoy Never Broke Again,81,10.08,11.75,17.38,28
127,,Becky G,77,7.79,13.84,32.54,27
128,,2Pac,78,8.04,16.14,23.14,27
129,,Junior H,87,6.97,10.03,26.76,27
130,,Panic! At The Disco,75,10.22,12.00,22.70,27
131,,Gunna,84,8.15,5.86,37.09,27
132,,Black Eyed Peas,78,8.80,7.70,39.64,27
133,,Pink Floyd,77,8.42,19.60,18.87,27
134,,Luke Combs,83,8.80,9.22,23.60,27
135,,Lil Peep,81,11.02,10.65,14.83,27
136,,Kodak Black,80,8.50,9.71,28.22,27
137,,A.R. Rahman,78,4.15,38.26,31.85,26
138,,The Rolling Stones,77,8.03,13.29,26.14,26
139,,Trippie Redd,80,9.27,9.01,22.67,26
140,,Don Omar,81,7.20,10.12,33.05,26
141,,Camilo,77,7.18,18.11,21.46,25
142,,Polo G,80,8.12,10.07,24.31,25
143,,Bob Marley & The Wailers,78,8.74,11.85,19.49,25
144,,Duki,83,7.51,9.42,24.18,25
145,,Snoop Dogg,81,6.52,10.17,30.22,25
146,,Joji,79,8.65,8.90,23.18,25
147,,ABBA,78,6.79,10.91,27.63,24
148,,Flo Rida,77,7.78,8.95,27.70,24
149,,Arcangel,81,6.34,12.00,23.70,24
150,,Meghan Trainor,76,7.07,13.88,26.08,24
151,,Migos,75,8.62,13.47,18.47,24
152,,DJ Khaled,75,8.39,10.40,25.57,24
153,,ROSALÍA,81,6.52,7.86,34.76,24
154,,A Boogie Wit da Hoodie,79,9.39,7.70,19.52,24
155,,Gorillaz,77,8.02,10.84,23.30,24
156,,Childish Gambino,77,7.70,11.39,22.71,24
157,,Christian Nodal,79,6.92,13.85,19.76,24
158,,Banda MS de Sergio Lizárraga,77,7.73,17.72,15.73,24
159,,Melanie Martinez,79,7.13,18.29,14.53,24
160,,Usher,78,7.11,10.75,28.54,24
161,,Tyga,78,9.39,6.91,24.58,24
162,,Henrique & Juliano,80,7.30,20.05,12.41,24
163,,NF,79,9.58,8.95,16.48,24
164,,$uicideboy$,84,10.75,6.00,11.16,23
165,,Ava Max,78,7.86,6.00,32.51,23
166,,Hozier,81,7.54,5.93,28.19,23
167,,Jhayco,83,6.19,6.66,33.81,23
168,,Madonna,79,6.12,7.21,40.03,23
169,,Anitta,76,7.43,13.10,20.35,23
170,,5 Seconds of Summer,76,8.91,9.65,19.86,23
171,,Gusttavo Lima,80,6.60,20.56,12.63,23
172,,Radiohead,79,7.21,8.68,24.08,23
173,,Bon Jovi,76,6.31,12.67,26.73,23
174,,Enrique Iglesias,75,7.87,11.33,23.98,23
175,,Paulo Londra,74,6.69,22.46,13.87,22
176,,Kid Cudi,78,7.96,6.67,24.10,22
177,,Jorge & Mateus,78,6.77,19.38,11.13,22
178,,Little Mix,73,8.96,11.66,17.35,22
179,,Foo Fighters,77,7.07,11.29,20.69,22
180,,Major Lazer,73,9.51,6.38,25.06,22
181,,The Kid LAROI,78,8.47,4.72,31.45,22
182,,Mariah Carey,76,7.41,9.31,25.14,22
183,,Zara Larsson,74,7.44,10.39,23.23,22
184,,Natanael Cano,85,5.76,8.46,20.34,22
185,,Anirudh Ravichander,84,3.58,21.70,24.87,22
186,,TWICE,78,7.05,18.84,9.98,21
187,,Alok,77,5.42,12.24,23.74,21
188,,Led Zeppelin,75,6.62,13.73,18.36,21
189,,Tame Impala,78,6.86,6.89,24.55,21
190,,Luis Fonsi,72,7.19,11.25,22.06,21
191,,U2,75,6.64,11.52,20.12,21
192,,Daft Punk,79,6.66,9.64,19.90,21
193,,System Of A Down,77,6.84,9.60,17.47,20
194,,Troye Sivan,76,5.96,7.87,27.41,20
195,,Grupo Firme,80,5.21,10.88,19.00,20
196,,Diplo,77,9.85,2.58,33.50,20
197,,Skrillex,76,6.52,8.25,21.75,20
198,,Zé Neto & Cristiano,78,5.57,18.92,11.68,20
199,,Paramore,77,6.52,8.05,21.36,20
200,,Lauv,75,8.98,5.94,20.12,20
201,,Alicia Keys,76,5.52,11.05,24.42,20
202,,Lil Durk,82,5.82,6.16,27.44,20
203,,Lorde,74,6.98,9.99,21.30,20
204,,Reik,76,7.14,8.53,19.75,20
205,,Elvis Presley,76,6.97,8.70,17.91,20
206,,Tory Lanez,79,6.65,5.96,24.33,20
207,,Dr. Dre,78,5.24,10.43,22.69,20
208,,Morat,80,6.81,9.65,14.68,20
209,,Creedence Clearwater Revival,78,6.06,6.07,29.03,20
210,,David Bowie,75,7.06,9.81,16.81,20
211,,The Notorious B.I.G.,76,6.48,9.25,21.22,20
212,,Sean Paul,79,6.35,4.49,34.30,20
213,,John Mayer,75,9.34,5.95,15.60,19
214,,Carin Leon,84,4.17,7.80,25.78,19
215,,Kali Uchis,83,4.56,5.23,35.96,19
216,,Aerosmith,74,5.20,13.81,23.40,19
217,,Quevedo,85,5.45,2.81,37.59,19
218,,The Killers,75,6.83,7.12,22.31,19
219,,Conan Gray,77,5.37,8.34,23.64,19
220,,Roddy Ricch,76,5.57,9.78,20.36,19
221,,Megan Thee Stallion,76,6.33,7.93,23.53,19
222,,Robin Schulz,76,8.67,3.10,27.07,19
223,,G-Eazy,73,9.65,5.20,17.25,19
224,,blink-182,76,6.76,7.78,17.87,19
225,,Big Sean,75,6.22,11.12,18.83,19
226,,Oasis,75,5.93,9.16,20.12,18
227,,Lil Tjay,79,5.84,7.11,16.82,18
228,,Jonas Brothers,77,5.51,7.20,24.48,18
229,,Ty Dolla $ign,78,5.81,4.73,26.51,18
230,,Jennifer Lopez,73,4.98,12.43,22.77,18
231,,Måneskin,78,5.38,7.83,22.67,18
232,,Slipknot,76,6.46,10.09,11.91,18
233,,Ne-Yo,77,5.30,8.29,22.73,18
234,,Zedd,73,8.39,6.00,16.58,18
235,,Clean Bandit,72,7.82,5.28,21.42,18
236,,Niall Horan,74,5.94,9.80,17.04,18
237,,Rels B,82,5.48,5.78,20.02,18
238,,Whitney Houston,74,5.53,9.60,23.24,18
239,,Wisin & Yandel,78,5.82,6.67,20.79,18
240,,Maná,76,5.37,10.25,17.38,18
241,,Yandel,78,4.35,7.23,24.21,17
242,,blackbear,74,8.13,4.88,17.31,17
243,,Machine Gun Kelly,75,8.30,5.14,13.22,17
244,,Logic,73,9.06,5.94,11.96,17
245,,Alessia Cara,72,5.22,11.86,17.30,17
246,,Piso 21,74,5.52,9.22,17.85,17
247,,Fuerza Regida,84,4.84,4.71,23.02,17
248,,Macklemore,76,8.07,2.12,30.46,17
249,,Eladio Carrion,82,5.18,4.85,22.40,17
250,,Eagles,74,4.76,9.95,20.33,17
251,,Rammstein,77,6.41,8.65,10.60,17
252,,Matheus & Kauan,77,5.22,11.33,12.03,17
253,,Christina Aguilera,75,5.12,7.77,23.76,17
254,,Bastille,73,6.99,5.46,20.67,17
255,,The 1975,76,6.79,6.91,13.52,17
256,,The Lumineers,77,6.06,5.24,22.81,17
257,,Cartel De Santa,76,4.96,15.33,10.34,17
258,,Russ,76,7.49,4.94,16.83,17
259,,Jack Harlow,77,7.30,2.99,26.60,17
260,,Miguel,77,5.30,4.79,27.84,17
261,,Bryson Tiller,77,5.37,7.46,16.60,17
262,,Labrinth,77,6.84,3.04,29.14,17
263,,John Legend,74,6.26,6.58,21.15,17
264,,Maria Becerra,81,4.83,4.80,25.96,17
265,,Avril Lavigne,73,5.29,10.29,18.31,17
266,,Stray Kids,81,5.57,12.61,8.41,17
267,,Jung Kook,86,2.23,9.66,32.96,16
268,,Florence + The Machine,75,5.51,6.55,19.66,16
269,,Jonas Blue,74,7.17,3.85,21.05,16
270,,Cigarettes After Sex,79,4.32,8.08,17.98,16
271,,Bee Gees,75,4.47,7.17,26.39,16
272,,Aventura,76,5.19,7.53,17.48,16
273,,Meek Mill,73,6.15,7.57,14.21,16
274,,Frank Sinatra,74,6.65,6.56,14.41,16
275,,Kelly Clarkson,72,5.08,10.15,17.77,16
276,,Shreya Ghoshal,81,1.83,19.61,33.52,16
277,,Muse,73,6.12,7.68,13.36,16
278,,My Chemical Romance,75,5.76,7.93,15.56,16
279,,Daniel Caesar,78,4.65,4.47,26.34,15
280,,NLE Choppa,78,4.22,6.71,20.29,15
281,,Jul,80,5.44,8.18,7.71,15
282,,Dave,81,4.09,3.62,28.94,15
283,,TINI,77,4.36,6.88,18.88,15
284,,Brent Faiyaz,81,4.04,4.51,21.47,15
285,,Summer Walker,77,4.87,5.41,21.00,15
286,,Lizzo,74,5.16,5.64,20.91,15
287,,Central Cee,82,3.63,3.96,32.83,15
288,,Akon,79,4.37,3.98,25.02,15
289,,Billy Joel,75,4.96,5.43,22.49,15
290,,Glass Animals,74,5.71,3.88,23.70,15
291,,Florida Georgia Line,73,6.81,5.41,13.14,15
292,,Alejandro Fernández,74,5.30,7.17,14.73,15
293,,Maiara & Maraisa,74,4.52,13.31,10.96,15
294,,Calum Scott,75,4.44,5.33,26.63,15
295,,Stevie Wonder,73,5.02,6.27,18.98,15
296,,Sabrina Carpenter,77,3.78,5.96,25.10,15
297,,Gucci Mane,76,5.89,5.00,16.56,15
298,,Luke Bryan,75,5.58,8.51,11.49,15
299,,Rita Ora,71,5.55,8.33,13.86,15
300,,The Script,71,5.20,8.08,16.80,15
301,,Chris Stapleton,78,4.17,6.11,19.81,15
302,,Michael Bublé,71,7.85,5.99,12.12,15
303,,Lil Tecca,76,5.11,6.26,16.33,15
304,,Nickelback,75,5.50,6.53,15.62,15
305,,Zion & Lennox,75,4.35,7.60,20.51,15
306,,Eslabon Armado,80,4.00,4.69,26.11,15
307,,Wesley Safadão,74,4.72,12.22,10.97,15
308,,French Montana,73,6.18,5.19,18.17,15
309,,Mora,86,4.50,2.65,22.86,15
310,,Kesha,74,4.63,7.64,18.87,15
311,,Bruce Springsteen,74,5.39,5.85,16.14,15
312,,PARTYNEXTDOOR,76,4.31,5.71,17.29,14
313,,Jessie J,69,4.08,11.62,15.99,14
314,,Burna Boy,80,3.10,6.59,20.16,14
315,,Dire Straits,74,4.26,6.96,17.49,14
316,,Pharrell Williams,77,3.80,4.27,30.82,14
317,,Mac DeMarco,78,4.46,4.53,16.92,14
318,,Jason Mraz,71,5.13,7.27,16.95,14
319,,Natti Natasha,71,4.59,9.39,14.97,14
320,,Los Ángeles Azules,75,4.17,7.23,16.25,14
321,,Amy Winehouse,73,4.69,8.57,15.08,14
322,,Swae Lee,80,4.27,1.82,38.65,14
323,,Rae Sremmurd,70,5.85,7.34,13.66,14
324,,Sidhu Moose Wala,77,2.94,23.35,9.95,14
325,,Alesso,73,5.31,3.98,19.59,14
326,,The Offspring,75,4.79,5.19,18.84,14
327,,Steve Lacy,80,3.64,3.60,26.93,14
328,,Phil Collins,74,4.73,5.37,20.55,14
329,,Danny Ocean,75,4.75,5.23,18.45,14
330,,Tate McRae,75,4.78,3.68,22.85,14
331,,Prince Royce,74,4.53,7.96,16.48,14
332,,Bring Me The Horizon,76,5.58,5.07,13.13,14
333,,Ricardo Arjona,74,4.84,12.23,8.54,14
334,,Kings of Leon,72,5.40,5.29,15.52,14
335,,Pearl Jam,73,4.89,8.41,13.11,14
336,,Zach Bryan,88,4.06,2.09,21.94,14
337,,The Police,74,4.12,5.63,26.26,14
338,,Calibre 50,73,4.81,10.65,11.79,14
339,,Fifth Harmony,67,4.82,16.19,10.33,14
340,,Justin Quiles,76,4.67,4.16,17.38,13
341,,Marc Anthony,74,4.38,9.27,11.35,13
342,,Mumford & Sons,70,5.62,6.55,10.47,13
343,,Backstreet Boys,73,4.76,5.36,16.98,13
344,,Vance Joy,74,5.23,2.90,22.49,13
345,,Ninho,78,4.92,8.67,6.90,13
346,,Nicki Nicole,79,3.08,4.77,22.39,13
347,,Kane Brown,73,5.30,5.13,12.39,13
348,,Hailee Steinfeld,69,5.29,8.88,12.14,13
349,,Lil Yachty,76,3.67,9.28,13.03,13
350,,Alejandro Sanz,74,4.37,7.46,13.50,13
351,,Bazzi,70,5.61,5.53,13.14,13
352,,SEVENTEEN,78,4.14,10.17,7.31,13
353,,Céline Dion,72,4.35,7.69,13.17,13
354,,Quavo,79,3.46,6.90,16.29,13
355,,Wisin,74,3.97,9.15,13.33,13
356,,Jack Johnson,74,5.96,3.70,12.65,13
357,,Vicente Fernández,75,4.06,9.55,9.44,13
358,,Jubin Nautiyal,75,2.34,13.08,20.27,13
359,,6ix9ine,70,5.47,6.98,10.43,13
360,,NewJeans,84,2.52,5.16,25.30,13
361,,Joan Sebastian,75,4.16,9.25,11.15,13
362,,Dalex,73,5.58,4.79,12.16,13
363,,Lost Frequencies,76,4.88,2.74,25.59,13
364,,Don Toliver,81,3.76,3.22,23.69,13
365,,Alec Benjamin,74,4.52,4.56,17.84,13
366,,YNW Melly,73,4.33,9.52,10.96,13
367,,Kehlani,72,4.49,7.19,13.84,13
368,,Rex Orange County,73,4.74,5.60,13.41,13
369,,NAV,73,5.95,3.38,12.56,12
370,,Swedish House Mafia,75,3.26,3.79,24.60,12
371,,Luis R Conriquez,80,3.56,3.40,16.52,12
372,,Disturbed,72,4.79,6.24,10.60,12
373,,Tove Lo,72,5.43,3.50,15.95,12
374,,Avenged Sevenfold,73,4.51,6.51,9.16,12
375,,TOMORROW X TOGETHER,76,3.36,8.59,10.14,12
376,,Jhené Aiko,75,3.70,6.78,11.04,12
377,,Neha Kakkar,72,1.55,42.43,14.10,12
378,,Jeremih,72,4.31,6.55,12.59,12
379,,Chase Atlantic,78,3.80,5.56,13.16,12
380,,Macklemore & Ryan Lewis,72,5.04,2.65,22.69,12
381,,Jesse & Joy,73,3.56,8.10,13.35,12
382,,Journey,72,3.71,5.19,18.20,12
383,,George Ezra,72,4.53,4.12,16.55,12
384,,Soda Stereo,73,3.76,8.15,10.48,12
385,,Nelly Furtado,75,3.36,3.55,25.38,12
386,,The Strokes,74,4.70,5.19,12.93,12
387,,Mitski,77,3.90,5.01,11.39,12
388,,Julia Michaels,72,3.77,5.08,18.81,12
389,,6LACK,72,4.88,4.46,14.98,12
390,,Marvin Gaye,72,3.87,5.15,20.09,12
391,,Ricky Martin,71,4.00,7.60,15.32,12
392,,Tainy,80,4.13,1.68,28.95,12
393,,El Alfa,77,3.94,3.09,22.73,12
394,,H.E.R.,73,4.26,6.75,11.04,12
395,,Armin van Buuren,72,4.50,4.34,14.71,12
396,,Charli XCX,76,3.79,2.97,23.19,12
397,,Train,71,4.30,4.36,18.11,12
398,,Luan Santana,76,3.39,7.47,11.65,12
399,,Jason Aldean,73,4.66,6.35,9.66,12
400,,Ice Cube,73,3.20,7.34,16.11,12
401,,Badshah,73,1.89,25.03,15.82,12
402,,Disney,80,9.91,0.39,23.40,12
403,,Juan Gabriel,74,3.79,8.18,9.95,12
404,,Carlos Vives,72,3.84,6.13,14.86,12
405,,The Cure,74,3.82,4.78,16.90,12
406,,Johnny Cash,72,4.77,6.04,11.46,12
407,,Five Finger Death Punch,72,5.39,6.21,6.88,11
408,,Galantis,69,5.08,3.39,13.83,11
409,,Alfredo Olivas,78,3.22,6.51,10.03,11
410,,Carly Rae Jepsen,72,3.53,5.25,17.77,11
411,,Bryan Adams,73,4.15,3.27,19.76,11
412,,Plan B,77,3.24,3.38,20.30,11
413,,Offset,77,3.54,2.91,20.11,11
414,,Tom Odell,74,3.55,3.42,23.31,11
415,,Tiago PZK,78,3.01,3.94,19.91,11
416,,Luísa Sonza,80,2.84,4.78,13.39,11
417,,LUDMILLA,75,2.57,6.65,16.36,11
418,,Bryant Myers,76,2.79,9.63,9.20,11
419,,Three Days Grace,72,4.57,5.82,10.22,11
420,,Steve Aoki,71,4.17,3.79,16.82,11
421,,De La Ghetto,75,2.59,7.22,17.21,11
422,,Sfera Ebbasta,78,3.49,5.69,9.29,11
423,,Pablo Alborán,72,4.07,5.01,12.93,11
424,,Nio Garcia,69,4.58,5.23,12.63,11
425,,The Doors,71,3.53,7.42,11.21,11
426,,Thomas Rhett,71,4.80,4.64,10.13,11
427,,The Smiths,75,3.54,4.45,12.99,11
428,,Rick Ross,74,2.95,7.05,12.25,11
429,,Anderson .Paak,76,3.79,2.39,20.16,11
430,,Chance the Rapper,72,4.20,5.93,10.54,11
431,,Santa Fe Klan,75,2.99,8.38,11.59,11
432,,Depeche Mode,73,3.61,5.77,13.34,11
433,,Black Sabbath,71,3.10,7.20,14.88,11
434,,Hans Zimmer,74,4.99,3.49,10.14,11
435,,R3HAB,75,4.02,2.52,22.87,11
436,,2 Chainz,74,3.57,8.03,10.31,11
437,,Dean Lewis,73,4.33,2.72,17.21,11
438,,Nelly,73,4.21,2.51,18.90,11
439,,Rod Wave,77,3.87,5.41,7.56,11
440,,Korn,74,3.82,6.64,10.45,11
441,,Juanes,74,3.05,4.53,18.41,11
442,,Jay Wheeler,75,3.64,3.36,18.98,11
443,,Felix Jaehn,73,5.83,1.30,21.16,11
444,,Iron Maiden,71,3.72,8.55,8.12,11
445,,Atif Aslam,74,1.89,17.48,16.97,11
446,,"Earth, Wind & Fire",71,3.26,4.03,17.84,10
447,,Clairo,74,3.14,4.11,14.70,10
448,,Giveon,76,2.90,3.15,23.20,10
449,,R.E.M.,72,3.34,4.18,17.91,10
450,,La Arrolladora Banda El Limón De Rene Camacho,73,4.09,6.34,7.42,10
451,,Destiny's Child,70,3.27,6.68,14.15,10
452,,Tulus,74,2.16,13.20,9.33,10
453,,CNCO,67,3.75,9.93,7.03,10
454,,Disclosure,71,5.36,2.14,14.47,10
455,,AP Dhillon,78,2.63,4.20,16.54,10
456,,Blake Shelton,69,3.47,7.25,8.87,10
457,,KISS,70,2.85,8.89,13.15,10
458,,James Bay,68,4.57,3.96,11.48,10
459,,Dan + Shay,71,4.35,3.06,13.38,10
460,,Tanishk Bagchi,76,2.98,3.40,20.60,10
461,,Zac Brown Band,72,3.79,3.70,11.30,10
462,,George Michael,71,3.30,4.42,16.79,10
463,,EXO,72,3.28,9.80,6.12,10
464,,(G)I-DLE,75,2.50,7.21,11.11,10
465,,Kevin Gates,71,5.03,6.04,5.96,10
466,,YG,72,4.45,3.16,11.14,10
467,,Lynyrd Skynyrd,71,3.13,4.83,16.39,10
468,,Lunay,68,3.36,8.87,9.72,10
469,,girl in red,72,3.11,6.28,12.99,10
470,,Yeat,80,3.39,3.06,11.99,10
471,,Bob Dylan,69,3.82,6.26,9.55,10
472,,YOASOBI,76,2.64,6.32,9.63,10
473,,Foster The People,69,3.92,3.77,13.54,10
474,,Van Halen,71,3.01,5.60,13.83,10
475,,The Cranberries,72,3.11,3.61,17.01,10
476,,Rema,77,2.39,3.11,32.14,10
477,,Weezer,72,3.64,3.21,14.43,10
478,,Cage The Elephant,71,3.93,3.37,13.61,10
479,,Madison Beer,71,2.97,5.89,14.48,10
480,,Mau y Ricky,69,3.36,6.79,12.38,10
481,,Marco Antonio Solís,73,3.00,6.67,10.16,10
482,,Jess Glynne,70,4.97,3.03,10.22,10
483,,LANY,71,3.98,5.64,8.53,10
484,,Ski Mask The Slump God,72,3.70,5.53,9.32,10
485,,KHEA,73,3.34,5.23,10.49,10
486,,Bon Iver,74,3.47,3.48,15.48,10
487,,Lenny Tavárez,76,4.03,2.27,14.55,10
488,,Outkast,73,4.03,2.35,21.04,10
489,,Limp Bizkit,73,3.28,5.34,13.76,10
490,,T-Pain,75,2.99,4.50,11.70,10
491,,PinkPantheress,76,2.14,2.38,25.20,9
492,,JVKE,77,2.10,3.06,24.72,9
493,,Noriel,73,2.53,7.37,9.18,9
494,,Chayanne,71,2.33,7.52,12.09,9
495,,Tim McGraw,71,3.52,4.47,9.73,9
496,,The Game,70,3.22,4.81,12.72,9
497,,MARINA,71,3.51,4.90,9.68,9
498,,V,82,1.14,15.13,12.04,9
499,,Jimin,82,1.89,6.51,8.96,9
500,,Fetty Wap,68,4.29,4.56,8.87,9
501,,El Fantasma,71,3.22,5.92,9.53,9
502,,Tears For Fears,73,2.49,3.05,20.22,9
503,,Papa Roach,70,3.42,4.93,11.52,9
504,,Ice Spice,81,1.55,1.95,40.35,9
505,,Armaan Malik,71,1.38,19.21,14.38,9
506,,Baby Keem,76,3.23,1.68,17.29,9
507,,Moneybagg Yo,75,2.85,3.99,11.22,9
508,,The Beach Boys,70,3.33,4.26,12.12,9
509,,Mark Ronson,72,4.06,1.04,22.55,9
510,,Gera MX,74,2.96,4.44,10.01,9
511,,Jimi Hendrix,68,3.02,6.36,9.13,9
512,,Carrie Underwood,70,2.76,5.89,10.78,9
513,,Matuê,74,2.59,9.16,7.26,9
514,,TOTO,71,3.22,2.72,20.31,9
515,,Paul McCartney,69,3.28,4.53,11.60,9
516,,Aitana,73,3.32,2.76,13.33,9
517,,ENHYPEN,76,2.24,6.44,9.30,9
518,,T.I.,72,3.14,4.68,10.80,9
519,,Gustavo Mioto,75,2.28,5.47,12.08,9
520,,Skillet,71,3.68,4.82,7.81,9
521,,Trey Songz,68,3.59,7.45,7.65,9
522,,Eric Clapton,69,3.20,5.53,11.99,9
523,,Deftones,76,3.03,4.36,9.00,9
524,,24kGoldn,70,4.35,2.08,14.01,9
525,,Los Tigres Del Norte,74,3.13,4.97,9.87,9
526,,Brytiago,73,2.52,6.65,11.32,9
527,,Scorpions,70,2.79,6.65,13.16,9
528,,Lil Pump,63,4.28,8.01,6.75,9
529,,Passenger,69,3.97,3.24,14.07,9
530,,Gwen Stefani,71,2.50,6.24,15.23,9
531,,PNL,71,3.65,7.61,4.34,9
532,,Ha*Ash,72,2.58,8.06,8.14,9
533,,Tones And I,68,4.42,3.02,13.82,9
534,,Ana Castela,82,2.26,2.80,15.56,9
535,,Prince,69,2.79,7.02,11.27,9
536,,Gerardo Ortiz,72,3.06,7.42,8.36,9
537,,ScHoolboy Q,70,3.54,4.60,9.01,9
538,,Lil Mosey,67,3.84,5.22,7.54,9
539,,Simon & Garfunkel,70,3.24,4.82,11.36,9
540,,Evanescence,71,2.87,4.06,12.42,9
541,,Pritam,86,0.53,20.19,34.87,9
542,,Flume,69,4.50,2.41,10.26,9
543,,José José,73,3.08,6.56,8.44,9
544,,Ruth B.,72,3.04,3.08,19.93,9
545,,Ñengo Flow,78,1.82,4.83,17.35,9
546,,Ludovico Einaudi,76,3.51,3.17,7.38,9
547,,AJR,71,3.97,3.03,10.14,9
548,,LIT killah,75,1.87,5.02,16.18,8
549,,Keith Urban,68,2.85,5.23,7.94,8
550,,Chief Keef,72,2.73,4.08,10.06,8
551,,Nas,72,2.84,3.41,10.73,8
552,,keshi,74,2.40,3.03,11.75,8
553,,Robbie Williams,69,3.04,2.75,11.63,8
554,,Zoé,71,2.92,5.40,7.32,8
555,,The White Stripes,70,2.92,2.91,15.82,8
556,,Tina Turner,69,3.03,3.69,11.69,8
557,,B.o.B,71,3.03,2.14,19.14,8
558,,Pineapple StormTv,71,2.36,8.52,7.75,8
559,,MC Kevin o Chris,78,1.98,3.10,18.45,8
560,,Nick Jonas,64,2.80,9.38,7.65,8
561,,Juan Luis Guerra 4.40,74,2.32,4.41,10.67,8
562,,DNCE,67,2.88,4.60,11.64,8
563,,Trueno,72,2.33,5.08,10.03,8
564,,Rod Stewart,70,2.88,4.35,10.88,8
565,,Mon Laferte,71,2.46,6.15,9.44,8
566,,Red Velvet,68,2.90,8.74,5.80,8
567,,Los Tucanes De Tijuana,75,2.72,2.59,13.95,8
568,,Birdy,68,3.30,3.79,9.94,8
569,,Keane,71,2.69,3.11,15.88,8
570,,La Adictiva Banda San José de Mesillas,71,2.49,5.48,10.68,8
571,,Jax Jones,72,3.79,1.14,15.92,8
572,,Sigala,70,3.88,1.58,11.57,8
573,,Cosculluela,71,2.35,5.67,10.96,8
574,,X Ambassadors,70,2.90,2.94,13.49,8
575,,Daryl Hall & John Oates,71,3.04,2.21,17.53,8
576,,Eric Church,71,3.24,3.85,9.34,8
577,,James Blunt,69,3.76,2.86,11.60,8
578,,Ozzy Osbourne,70,2.76,4.98,9.65,8
579,,The Vamps,65,3.37,5.81,8.23,8
580,,Shaggy,71,2.68,2.03,17.43,8
581,,Cazzu,72,2.20,6.39,10.44,8
582,,Jorja Smith,72,2.71,3.24,14.23,8
583,,Iggy Azalea,67,2.81,6.48,7.78,8
584,,A$AP Ferg,69,3.29,3.67,11.60,8
585,,The Smashing Pumpkins,70,2.72,4.69,10.89,8
586,,Rage Against The Machine,69,2.97,5.61,9.76,8
587,,Shania Twain,72,2.56,3.01,16.62,8
588,,The Black Keys,69,3.43,3.92,9.61,8
589,,Timbaland,76,2.13,2.60,20.18,8
590,,Charlie Brown Jr.,72,2.59,6.60,6.43,8
591,,TV Girl,77,1.85,3.26,15.34,8
592,,RAYE,77,2.93,0.99,28.64,8
593,,Ciara,69,2.13,6.31,11.46,8
594,,MGMT,71,2.93,2.86,12.64,8
595,,Kenny Chesney,70,3.28,4.40,8.51,8
596,,GIMS,70,2.80,4.10,9.32,8
597,,Dilsinho,72,2.48,4.20,9.33,8
598,,Diljit Dosanjh,70,1.27,17.65,11.19,8
599,,C. Tangana,70,3.48,2.53,9.76,8
600,,Lukas Graham,69,3.95,2.14,13.90,8
601,,Milky Chance,71,3.27,1.84,14.13,8
602,,Danna Paola,70,2.85,4.75,10.23,8
603,,benny blanco,69,4.32,1.07,16.02,8
604,,Jeremy Zucker,69,3.81,2.20,10.50,8
605,,Damso,73,3.08,4.81,5.20,8
606,,League of Legends,75,3.00,1.65,17.61,8
607,,Santana,70,2.39,3.15,15.03,8
608,,Cheat Codes,66,5.04,2.19,8.27,8
609,,alt-J,68,3.47,3.21,8.68,8
610,,Oliver Tree,72,2.96,2.33,17.88,8
611,,Lil Skies,67,4.24,5.02,5.00,8
612,,Aya Nakamura,70,2.94,4.24,8.70,8
613,,Dimitri Vegas & Like Mike,69,3.06,3.46,10.79,8
614,,MEDUZA,75,3.92,0.67,21.47,8
615,,3 Doors Down,69,2.60,4.21,11.32,8
616,,Chencho Corleone,78,3.19,0.53,28.12,8
617,,Latto,85,1.79,1.19,35.78,8
618,,Mc Don Juan,75,2.02,5.28,12.42,8
619,,Tyler Childers,77,2.72,2.01,12.23,8
620,,Norah Jones,70,3.25,3.03,8.72,8
621,,Hillsong Worship,71,3.62,5.17,5.33,8
622,,Becky Hill,73,4.06,0.68,18.75,8
623,,Electric Light Orchestra,69,2.63,3.88,12.50,8
624,,Canserbero,74,2.18,7.80,5.50,8
625,,Christina Perri,69,3.10,3.70,12.11,8
626,,Van Morrison,71,3.06,2.96,12.68,8
627,,George Strait,71,2.89,4.03,8.48,8
628,,Carlos Rivera,71,2.85,4.37,8.28,8
629,,Ryan Castro,78,1.90,1.83,23.72,8
630,,Fergie,67,2.22,5.62,12.26,7
631,,Hombres G,70,1.95,4.01,10.76,7
632,,Shinedown,69,2.95,3.96,5.98,7
633,,IU,69,2.27,8.17,5.92,7
634,,Mc Livinho,71,1.58,7.56,10.24,7
635,,Os Barões Da Pisadinha,67,3.18,6.89,4.78,7
636,,Hillsong UNITED,68,3.22,3.84,5.26,7
637,,Banda El Recodo,70,2.79,3.61,7.12,7
638,,Sean Kingston,68,2.22,3.17,13.52,7
639,,Apache 207,74,2.85,2.51,6.31,7
640,,Normani,66,3.01,2.50,11.88,7
641,,Selena Gomez & The Scene,67,1.72,9.25,12.30,7
642,,Dermot Kennedy,71,3.39,1.41,12.61,7
643,,Aretha Franklin,69,2.72,3.22,11.47,7
644,,Sublime,69,2.83,2.63,8.81,7
645,,Kodaline,67,2.77,2.98,8.77,7
646,,Noah Kahan,80,2.33,1.24,15.20,7
647,,Dolly Parton,69,2.67,2.23,13.39,7
648,,Natalia Lafourcade,71,2.32,4.18,10.04,7
649,,Why Don't We,66,3.35,3.65,8.04,7
650,,Sezen Aksu,71,1.79,8.05,5.47,7
651,,j-hope,72,1.47,15.96,4.39,7
652,,Queens of the Stone Age,70,2.45,3.34,7.58,7
653,,bbno$,72,3.27,1.26,10.30,7
654,,Filipe Ret,74,1.78,4.97,7.23,7
655,,Ella Mai,68,2.52,5.19,7.52,7
656,,The Who,67,2.25,5.18,9.09,7
657,,Ferrugem,71,2.01,5.46,6.72,7
658,,Capital Bra,67,4.52,4.41,3.61,7
659,,Thalia,67,2.12,4.87,9.41,7
660,,The Pussycat Dolls,67,2.28,5.50,11.51,7
661,,John Lennon,67,2.36,5.63,10.48,7
662,,Camila,69,2.05,4.19,10.54,7
663,,Rascal Flatts,67,2.52,3.59,9.60,7
664,,Bruno & Marrone,71,2.65,5.42,6.32,7
665,,David Bisbal,68,2.45,4.53,7.69,7
666,,Cris Mj,74,2.19,1.44,16.67,7
667,,WizKid,75,1.93,4.26,10.18,7
668,,Of Monsters and Men,66,2.69,3.53,8.60,7
669,,Alan Jackson,71,2.78,2.48,8.86,7
670,,La Oreja de Van Gogh,71,2.49,3.48,10.92,7
671,,a-ha,70,2.37,2.08,17.47,7
672,,Stromae,69,2.68,3.10,11.08,7
673,,Mother Mother,70,2.43,3.50,7.58,7
674,,Sade,72,2.29,3.43,11.53,7
675,,Sum 41,70,2.71,3.66,9.82,7
676,,Agust D,73,1.59,12.75,4.31,7
677,,Los Bukis,72,2.45,3.69,6.71,7
678,,Hungria Hip Hop,71,2.03,9.20,5.80,7
679,,Lionel Richie,69,2.16,3.23,11.43,7
680,,Ella Henderson,72,2.38,1.60,15.95,7
681,,Ghost,74,2.38,2.66,9.39,7
682,,Sin Bandera,69,2.21,5.77,8.00,7
683,,Rise Against,69,3.42,2.67,7.44,7
684,,MC Cabelinho,75,1.43,5.36,9.88,7
685,,Ms. Lauryn Hill,71,2.54,2.58,13.32,7
686,,Morad,77,2.09,2.01,11.63,7
687,,Kevin Roldan,68,2.17,5.81,6.74,7
688,,d4vd,77,1.48,1.67,25.84,7
689,,Mari Fernandez,75,2.02,2.27,11.49,7
690,,Stormzy,71,2.73,2.84,9.77,7
691,,Cavetown,69,2.64,3.77,6.67,7
692,,Breaking Benjamin,69,3.14,4.46,6.23,7
693,,Mike Posner,68,3.41,1.38,14.61,7
694,,Kim Petras,74,2.42,0.98,21.97,7
695,,King Von,75,2.51,3.21,8.69,7
696,,LISA,77,1.62,5.14,11.01,7
697,,iann dior,70,2.68,1.77,12.46,7
698,,WILLOW,69,2.69,2.32,13.04,7
699,,Ezhel,70,2.38,5.99,5.05,7
700,,L7NNON,72,1.97,3.48,9.99,7
701,,The Goo Goo Dolls,70,2.43,2.61,15.50,7
702,,The Fray,67,2.85,4.01,10.01,7
703,,will.i.am,72,1.86,4.13,11.83,7
704,,NCT DREAM,73,1.99,7.16,6.05,7
705,,Melendi,71,2.69,3.61,7.00,7
706,,Yuridia,71,2.27,4.03,9.51,7
707,,AURORA,71,2.22,3.17,11.67,7
708,,Dominic Fike,76,2.50,1.28,16.78,7
709,,Joey Bada$$,71,2.70,3.16,8.89,7
710,,The Clash,68,2.49,2.58,11.55,7
711,,DMX,68,2.32,4.61,9.36,7
712,,Bonez MC,74,3.39,2.15,4.87,7
713,,Yo Yo Honey Singh,71,1.01,12.97,10.91,7
714,,ILLENIUM,70,3.74,1.44,9.56,7
715,,M83,69,2.54,2.30,11.99,7
716,,Luciano,73,3.28,1.96,7.05,7
717,,RAF Camora,74,3.83,1.70,5.73,7
718,,Los Temerarios,75,2.76,3.80,5.84,7
719,,Alice In Chains,70,2.41,4.71,7.54,7
720,,ITZY,71,2.14,5.84,6.50,7
721,,Los Enanitos Verdes,70,2.16,3.82,11.38,7
722,,Marilyn Manson,68,2.58,4.09,6.77,7
723,,Lord Huron,72,2.86,1.32,16.01,7
724,,Mötley Crüe,69,2.48,4.83,8.79,7
725,,DJ Luian,75,2.30,2.10,14.15,7
726,,Aleman,73,2.27,5.04,7.58,7
727,,Julieta Venegas,72,2.46,2.11,15.17,7
728,,Liam Payne,61,3.18,10.31,5.29,7
729,,Colbie Caillat,67,2.44,2.50,9.89,6
730,,Sting,68,2.23,3.07,10.01,6
731,,Thirty Seconds To Mars,67,2.24,3.41,8.76,6
732,,John Williams,68,3.94,1.28,5.14,6
733,,Annie Lennox,68,2.46,1.42,15.05,6
734,,Sleepy Hallow,74,2.52,1.49,9.84,6
735,,Israel & Rodolffo,74,2.13,2.13,10.96,6
736,,Niska,69,2.27,5.17,4.53,6
737,,DENNIS,72,1.92,2.15,14.89,6
738,,NIKI,72,2.03,2.80,10.02,6
739,,Ben&Ben,67,1.91,8.31,4.50,6
740,,NEFFEX,70,2.72,2.38,5.26,6
741,,Ricardo Montaner,66,1.75,6.12,7.37,6
742,,Pentatonix,62,3.76,3.62,3.64,6
743,,Diego & Victor Hugo,71,2.10,2.92,8.95,6
744,,Bill Withers,71,2.14,1.56,16.36,6
745,,Mabel,65,3.22,1.88,8.13,6
746,,Calle 13,67,2.25,2.90,8.24,6
747,,fun.,65,2.18,3.52,10.43,6
748,,Joel Corry,73,3.25,0.36,17.61,6
749,,Beastie Boys,68,2.05,2.62,8.91,6
750,,Years & Years,66,2.93,1.98,7.94,6
751,,Ghostemane,69,2.45,3.24,5.60,6
752,,Glee Cast,67,4.30,1.52,4.88,6
753,,TLC,67,1.81,3.72,10.68,6
754,,Rag'n'Bone Man,66,2.74,1.73,9.55,6
755,,Lin-Manuel Miranda,70,4.08,0.58,11.35,6
756,,Dove Cameron,69,1.75,4.37,11.80,6
757,,Gloria Trevi,70,1.90,4.76,6.69,6
758,,Cyndi Lauper,69,2.09,2.42,15.38,6
759,,MF DOOM,74,2.51,2.23,7.50,6
760,,Beach House,70,2.18,1.93,11.78,6
761,,Rudimental,67,3.49,1.38,10.55,6
762,,Westlife,67,2.43,3.86,5.30,6
763,,Wale,67,2.27,4.18,6.12,6
764,,Pepe Aguilar,68,2.03,4.28,7.48,6
765,,WALK THE MOON,67,2.59,2.11,11.42,6
766,,Dierks Bentley,67,2.29,3.07,6.56,6
767,,MC Hariel,73,1.55,5.01,7.97,6
768,,Wham!,67,2.46,2.44,11.54,6
769,,Cali Y El Dandee,67,2.43,3.99,7.91,6
770,,Jon Z,69,1.39,5.92,7.52,6
771,,Aminé,68,3.06,1.88,9.60,6
772,,Two Feet,69,2.38,1.86,8.73,6
773,,Owl City,67,2.36,2.41,10.05,6
774,,Two Door Cinema Club,67,2.42,2.34,7.67,6
775,,Beret,68,2.33,2.89,6.19,6
776,,Audioslave,66,1.92,4.28,7.71,6
777,,Jay Chou,71,2.62,4.85,2.55,6
778,,The xx,65,2.78,3.91,6.20,6
779,,Ali Gatie,66,2.65,2.09,8.67,6
780,,Rich The Kid,68,2.74,3.13,5.80,6
781,,Pedro Capó,68,2.62,1.67,9.64,6
782,,Karan Aujla,76,0.98,6.04,9.13,6
783,,Boyce Avenue,67,3.39,3.19,4.02,6
784,,Louis Armstrong,68,2.32,2.73,9.27,6
785,,JID,75,1.64,1.32,20.88,6
786,,Young Miko,82,1.20,1.10,29.22,6
787,,Mary J. Blige,69,2.02,3.64,10.46,6
788,,Miranda Lambert,68,2.37,3.59,8.05,6
789,,ANAVITÓRIA,68,2.24,6.85,5.08,6
790,,Hardwell,66,2.38,3.73,6.81,6
791,,Sufjan Stevens,69,2.46,1.82,8.97,6
792,,Foreigner,68,1.86,2.93,12.23,6
793,,Megadeth,68,1.90,4.92,5.25,6
794,,Casper Magico,67,2.43,2.36,8.01,6
795,,Juan Magán,67,2.63,1.78,8.78,6
796,,Intocable,70,2.39,3.60,6.99,6
797,,beabadoobee,74,1.24,2.45,15.38,6
798,,Pixies,69,2.00,2.64,9.57,6
799,,Leon Bridges,70,2.62,1.57,11.13,6
800,,Carla Morrison,71,1.86,3.91,9.31,6
801,,MC Kevinho,62,2.09,8.15,4.77,6
802,,Taio Cruz,68,2.35,2.27,12.91,6
803,,Blur,69,1.99,3.06,11.73,6
804,,Sam Feldt,70,3.70,0.77,13.46,6
805,,Key Glock,74,2.12,1.71,11.61,6
806,,Snow Patrol,66,2.24,2.89,9.35,6
807,,Jowell & Randy,70,1.37,4.36,12.88,6
808,,ZZ Top,68,2.00,4.11,9.30,6
809,,Louis Tomlinson,66,2.53,7.01,3.42,6
810,,Official HIGE DANdism,70,2.16,5.95,5.15,6
811,,Lenny Kravitz,68,1.95,3.02,10.65,6
812,,Blueface,66,1.91,6.36,4.98,6
813,,Lee Brice,69,2.36,2.15,8.08,6
814,,D-Block Europe,75,2.14,1.17,15.07,6
815,,All Time Low,67,2.90,2.99,6.97,6
816,,Denzel Curry,69,2.30,2.38,6.79,6
817,,Falling In Reverse,71,2.18,2.77,6.83,6
818,,Supertramp,68,1.89,3.22,10.19,6
819,,Roxette,69,2.28,2.07,10.63,6
820,,Jon Pardi,72,2.40,1.78,9.09,6
821,,Noah Cyrus,69,3.29,1.21,12.02,6
822,,Incubus,67,2.24,3.12,7.34,6
823,,Kacey Musgraves,73,2.30,1.24,15.41,6
824,,Emilia,77,1.32,1.67,17.11,6
825,,Alex Rose,68,2.26,3.75,7.15,6
826,,Spice Girls,67,1.87,3.17,11.48,6
827,,Darell,73,1.55,3.85,10.50,6
828,,Selena,68,2.16,3.47,7.97,6
829,,Empire of the Sun,70,2.14,1.33,14.16,6
830,,Sofía Reyes,68,2.08,3.08,10.75,6
831,,Elevation Worship,71,2.66,2.62,5.78,6
832,,Lady A,65,2.18,3.83,7.76,6
833,,Pantera,68,1.78,4.60,6.34,6
834,,Bronco,71,1.85,3.30,6.41,6
835,,Afrojack,70,2.29,4.03,6.97,6
836,,Dadju,69,1.76,5.39,5.22,6
837,,Volbeat,68,3.07,2.43,5.53,6
838,,Soolking,71,1.57,4.76,7.50,6
839,,SAINt JHN,67,3.29,1.00,10.26,6
840,,Greeicy,66,1.87,7.15,6.53,6
841,,CRO,72,2.42,2.38,6.01,6
842,,Dread Mar I,69,2.06,2.61,8.74,6
843,,Kylie Minogue,71,2.25,1.78,14.78,6
844,,Wolfgang Amadeus Mozart,72,1.52,5.19,6.17,6
845,,Joyner Lucas,68,2.65,2.07,6.73,6
846,,Conor Maynard,63,2.39,2.15,5.93,5
847,,Kid Ink,65,2.68,3.03,4.60,5
848,,Wu-Tang Clan,66,1.83,2.84,6.32,5
849,,Willie Nelson,69,1.86,2.03,8.06,5
850,,Frédéric Chopin,71,1.40,3.14,6.05,5
851,,Moira Dela Torre,65,1.43,9.63,3.67,5
852,,Bethel Music,68,2.53,1.62,4.24,5
853,,Guè Pequeno,72,1.80,2.31,5.26,5
854,,ONE OK ROCK,69,1.86,5.12,3.98,5
855,,James Blake,71,1.51,1.36,11.15,5
856,,Micro TDH,68,1.80,1.78,9.09,5
857,,Stephen Sanchez,74,1.49,0.84,26.03,5
858,,*NSYNC,65,1.93,2.06,7.26,5
859,,Tom Petty,68,1.88,2.33,11.22,5
860,,Chris Young,65,2.04,2.78,5.88,5
861,,"Tito ""El Bambino""",67,1.34,3.78,8.99,5
862,,Simple Plan,66,2.05,3.49,7.27,5
863,,Vintage Culture,70,2.22,1.79,7.62,5
864,,Genesis,66,1.59,3.11,7.48,5
865,,Booba,68,2.27,2.82,3.08,5
866,,UB40,67,1.83,2.25,7.93,5
867,,LE SSERAFIM,75,1.21,3.00,9.41,5
868,,Young Dolph,70,2.34,2.64,5.03,5
869,,Eros Ramazzotti,68,1.77,2.10,7.02,5
870,,Tracy Chapman,68,1.98,1.53,11.44,5
871,,Sido,69,2.64,2.21,5.15,5
872,,Jenni Rivera,67,1.79,4.33,4.19,5
873,,Café Tacvba,67,1.77,2.81,6.93,5
874,,Kungs,71,2.12,0.93,15.90,5
875,,Tems,73,1.45,1.19,13.59,5
876,,Gustavo Cerati,70,1.93,3.86,4.71,5
877,,Roberto Carlos,67,1.54,5.19,5.32,5
878,,Guilherme & Benuto,75,2.00,0.66,10.43,5
879,,CKay,68,1.90,1.35,11.69,5
880,,Cole Swindell,67,1.75,2.16,7.07,5
881,,Ashnikko,70,1.71,2.03,6.35,5
882,,Leona Lewis,63,2.06,3.55,7.22,5
883,,Maren Morris,69,2.08,0.76,13.62,5
884,,The Temptations,65,1.72,2.81,9.24,5
885,,Orochi,71,1.49,3.92,6.90,5
886,,Nina Simone,66,2.02,2.68,7.97,5
887,,Tony Dize,70,1.22,3.63,14.21,5
888,,Dido,69,2.28,1.63,8.37,5
889,,Sleeping At Last,67,2.55,1.38,7.41,5
890,,Saweetie,68,2.19,1.86,9.00,5
891,,Rocío Dúrcal,68,1.65,4.03,7.40,5
892,,Darius Rucker,67,1.63,2.48,8.25,5
893,,Timmy Trumpet,70,2.45,1.07,10.88,5
894,,Otis Redding,68,2.06,2.14,9.84,5
895,,Ludacris,75,1.66,2.66,6.63,5
896,,Sam Hunt,67,1.90,2.32,9.07,5
897,,Rusherking,75,1.19,1.36,14.76,5
898,,Stone Temple Pilots,66,1.54,3.33,6.50,5
899,,Ana Gabriel,69,1.57,3.93,7.88,5
900,,INXS,68,1.61,2.47,10.01,5
901,,Kenia OS,71,1.38,3.65,6.72,5
902,,Chicago,67,1.71,3.80,8.85,5
903,,Rich Brian,66,2.02,2.18,7.54,5
904,,Olly Murs,63,2.15,3.33,6.46,5
905,,Old Dominion,70,2.28,1.40,8.37,5
906,,Caifanes,68,1.68,3.48,5.83,5
907,,Kontra K,70,2.58,2.21,4.47,5
908,,Yusuf / Cat Stevens,68,2.12,1.80,10.07,5
909,,Lyanno,71,1.61,1.17,11.49,5
910,,IVE,73,1.26,2.75,7.77,5
911,,Toby Keith,68,1.89,2.10,6.53,5
912,,Virlan Garcia,66,1.59,4.32,5.82,5
913,,Alanis Morissette,66,1.71,2.62,7.14,5
914,,Gryffin,66,2.87,0.94,7.87,5
915,,Phoebe Bridgers,77,1.29,1.94,9.79,5
916,,Jessie Reyez,68,2.25,1.36,10.15,5
917,,YUNGBLUD,68,1.93,2.14,6.81,5
918,,Busta Rhymes,70,1.41,2.52,11.84,5
919,,Naps,70,1.71,2.78,5.71,5
920,,Veigh,79,1.07,1.88,10.27,5
921,,MØ,68,2.11,1.45,7.42,5
922,,Duran Duran,67,1.66,2.72,8.96,5
923,,RM,70,1.18,14.89,3.50,5
924,,Air Supply,67,1.59,4.04,5.91,5
925,,Capo Plaza,70,1.88,3.64,5.61,5
926,,WOS,69,1.60,3.91,4.83,5
927,,Diddy,71,1.68,1.53,10.87,5
928,,NCT 127,66,2.07,7.11,3.13,5
929,,Gotye,65,1.77,2.38,10.93,5
930,,Seether,67,2.13,3.28,6.56,5
931,,Nacho,62,1.61,5.40,5.70,5
932,,Jelly Roll,74,1.68,2.53,7.49,5
933,,King,70,0.84,5.72,13.36,5
934,,BONES,72,2.39,1.37,7.27,5
935,,Def Leppard,67,1.68,4.58,7.64,5
936,,Nat King Cole,65,2.45,2.10,6.45,5
937,,Miguel Bosé,67,1.43,2.56,8.73,5
938,,Mrs. GREEN APPLE,74,1.35,2.94,5.45,5
939,,Tee Grizzley,66,2.29,3.53,5.14,5
940,,Gym Class Heroes,67,1.92,1.48,14.03,5
941,,DaVido,72,1.19,3.48,8.37,5
942,,Manu Chao,70,1.77,1.56,11.02,5
943,,LMFAO,65,1.63,4.28,8.75,5
944,,R. Kelly,65,2.17,2.54,4.63,5
945,,Paul Simon,67,2.08,2.18,8.37,5
946,,Juicy J,72,1.72,3.13,4.79,5
947,,Lauren Daigle,68,1.89,2.52,6.40,5
948,,Melim,65,1.68,5.71,4.09,5
949,,Counting Crows,67,1.83,1.70,10.77,5
950,,Axwell /\ Ingrosso,64,2.54,2.47,7.64,5
951,,Yo Gotti,66,2.00,4.38,5.65,5
952,,Lazza,74,1.97,1.74,6.21,5
953,,Bullet For My Valentine,66,2.00,2.84,4.71,5
954,,Turma do Pagode,68,1.76,3.11,5.60,5
955,,Andrés Calamaro,68,1.79,2.34,7.19,5
956,,Soundgarden,66,1.65,4.13,6.95,5
957,,Portugal. The Man,66,2.28,1.41,9.31,5
958,,Rvssian,66,1.73,2.56,9.06,5
959,,Sabaton,70,2.95,1.94,3.14,5
960,,PnB Rock,66,2.42,4.00,4.51,5
961,,BROCKHAMPTON,64,3.38,2.14,4.76,5
962,,Vishal-Shekhar,74,0.63,5.33,22.12,5
963,,Río Roma,66,1.83,2.82,7.56,5
964,,John Denver,66,1.91,1.97,8.81,5
965,,Nipsey Hussle,66,1.93,3.30,4.06,5
966,,The Doobie Brothers,67,1.56,2.36,8.71,5
967,,Soulja Boy,66,1.66,1.88,11.19,5
968,,Andy Grammer,67,2.89,1.17,8.92,5
969,,Brooks & Dunn,68,1.79,2.74,7.89,5
970,,Lenin Ramírez,68,1.80,2.88,8.30,5
971,,Darshan Raval,76,0.40,12.75,19.89,5
972,,Guru Randhawa,67,0.63,16.78,8.90,5
973,,Talking Heads,67,1.85,2.23,8.62,5
974,,KALEO,68,2.01,1.62,10.66,5
975,,Billy Idol,68,1.49,1.76,11.34,5
976,,RADWIMPS,70,1.64,3.59,5.83,5
977,,Kelsea Ballerini,71,1.94,1.08,9.79,5
978,,ODESZA,69,2.72,1.53,6.38,5
979,,Kate Bush,67,1.88,1.74,11.44,5
980,,Hollywood Undead,67,2.78,2.34,4.60,5
981,,Laura Pausini,68,1.86,2.38,7.58,5
982,,ATEEZ,71,1.76,3.16,3.68,5
983,,Cordae,69,1.51,1.98,9.52,5
984,,Cher,66,1.87,3.10,9.58,5
985,,Pamungkas,68,1.12,5.10,7.54,5
986,,Missy Elliott,69,1.44,2.30,8.87,5
987,,Jordan Davis,73,1.85,1.02,10.24,5
988,,Powfu,67,2.54,1.20,7.80,5
989,,Pusha T,69,1.84,2.86,6.04,5
990,,Yung Gravy,69,2.48,1.62,6.77,5
991,,Kenshi Yonezu,71,1.10,5.28,7.27,5
992,,Thiaguinho,70,1.97,3.57,5.52,5
993,,Bad Gyal,74,1.24,1.11,16.01,5
994,,Cristian Castro,68,1.92,3.20,7.47,5
995,,Ufo361,69,3.01,1.93,3.94,5
996,,A Day To Remember,67,2.79,2.27,5.15,5
997,,The Kooks,66,2.30,2.48,7.23,5
998,,aespa,73,1.36,3.66,8.17,5
999,,Pink Sweat$,67,1.87,1.77,9.45,5
"1,000",,Manuel Medrano,68,1.52,2.68,7.24,5
